{"train_time": 98.0140073299408, "test_auc": 0.8792651816824291, "test_time": 0.767798662185669}